,target,feature_names,baseline_score,baseline_std_dev,baseline_std_error,penalty_before_fs,regurilization_strength_before_fs,l1ratio_before_fs,penalty_score_before_fs,penalty_std_dev_before_fs,fs_score,fs_std_dev,fs_std_error,penalty_after_fs,regurilization_strength_after_fs,l1ratio_after_fs,penalty_score_after_fs,penalty_std_dev_after_fs,boost_score,boost_std_dev,boost_std_error,bag_score,bag_std_dev,bag_std_error,earlystop_score,earlystop_std_dev,earlystop_std_error,best_model_name,best_model_train_r2,best_model_holdout_r2,best_model_coef,best_model_intercept
0,proportion_diff_depr,"('fear', 'Valence_VAD', 'Dominance_VAD')",-0.2101325883821586,0.226504850081053,0.1132524250405265,elasticnet,0.01,0.5,-0.1408353044432181,0.2361738843034068,0.0385497413913118,0.1232356201412164,0.0616178100706082,l2,0.1,0.0,-0.11539180372889071,0.21125764363633895,-0.12426984897750024,0.19797834221336724,0.09898917110668361,-0.10625329038299965,0.19617063611379537,0.09808531805689769,-0.11346459007299696,0.2182179597215461,0.10910897986077304,feature_selection_model,0.0385497413913118,0.10779949506152009,[-0.02208071  0.04804608  0.02553725],-0.04386934255700159
1,proportion_diff_anx,"('anticipation', 'disgust', 'sadness', 'Valence_VAD')",-0.16821924264336277,0.21413742145653714,0.10706871072826857,l2,1.0,0.0,-0.09998929020574973,0.16443949924746515,0.057444781030505786,0.11647896998107454,0.05823948499053727,l2,1.0,0.0,-0.07807557091060617,0.16399641777145013,-0.06592981522608281,0.13292431683121417,0.06646215841560708,-0.07453600961933224,0.15504587763777608,0.07752293881888804,-0.10230371681850622,0.1879396492749799,0.09396982463748994,feature_selection_model,0.057444781030505786,0.12656009634156928,[-0.029017   -0.03493192 -0.02524013  0.04971043],-0.02286457753094518
